SMILES,LABELS
CC(Cl)(Cl)Cl,231.0
C=C(Cl)Cl,450.0
C=C=CC,7.0
CC1(C)C(=O)N(CO)C(=O)N1CO,24.0
O=[N+]([O-])c1cccc([N+](=O)[O-])c1,
C=C/C=C/C,28.0
C=CC/C=C/C,28.0
CCCCCCCCCCO,4.0
CCCCCCCO,0.23
COCC(C)OC(C)=O,5.5
CCCCCCCCCO,1.2
CCCOCC(C)O,10.5
CCCCCCCCCCCCCCO,5.5
CCCCCCCCCCCCCO,5.6
CCCCCCCCCCCO,4.7
Oc1cccc(Cl)c1Cl,24.0
Nc1c(Cl)cc(Cl)cc1Cl,3.36
CCCCOCCOC(=O)COc1ccc(Cl)cc1Cl,
CNC.O=C(O)COc1ccc(Cl)cc1Cl,11.0
O=[N+]([O-])c1ccc(O)c([N+](=O)[O-])c1,68.0
CCCCCCCCCc1ccc(O)c(CCCCCCCCC)c1,58.0
CC(C)(C)C1=CC(=O)C=C(C(C)(C)C)C1=O,3.4
Oc1ccccc1Br,11.6
Nc1cc([N+](=O)[O-])ccc1Cl,0.41
Oc1ccccc1Cl,5.83
COc1ccc(C(=O)c2ccccc2)c(O)c1,10.7
Nc1ccccc1[N+](=O)[O-],1.29
Oc1ccc(Cl)c(Cl)c1,41.0
Oc1cc(Cl)cc(Cl)c1,14.0
Cc1cccc(N)c1,0.17
Oc1cccc(Br)c1,147.0
Oc1cccc(Cl)c1,36.0
Cc1ccc(N)cc1Cl,0.0625
Nc1cccc([N+](=O)[O-])c1,1.125
Nc1ccc(Sc2ccc(N)cc2)cc1,0.5
CCCCCCCCn1sc(Cl)c(Cl)c1=O,
Nc1ccc(Br)cc1,4.125
Nc1ccc(F)cc1,4.125
COc1ccc(O)cc1,0.9375
CC(C)CC(C)O,0.7083
O=[N+]([O-])c1ccc(O)cc1C(F)(F)F,5.4
Nc1ccc([N+](=O)[O-])cc1,1.29166
O=C(O)c1ccc([N+](=O)[O-])cc1,7.0833
CC1(C)N=C(O)N=C1O,194.0
Cn1sc(Cl)cc1=O,17.0
CC(O)=Nc1ccc(O)cc1,58.33
CCOCN(C(=O)CCl)c1c(C)cccc1CC,0.71666
CC(C)(O)C#N,0.00625
CC#N,1.2
CSC(=O)c1cccc2nnsc12,1.0
N=c1nc(O)c2ncn(COCCO)c2[nH]1,0.2208333
CCc1cccc(CC)c1N(COC)C(=O)CCl,518.0
CC1(C)[C@H](C(=O)O[C@H](C#N)c2cccc(Oc3ccccc3)c2)[C@@H]1C=C(Cl)Cl,14.0
CN=C(O)Oc1ccc(N(C)C)c(C)c1,17.3
N=c1[nH]c(C2CC2)nc(C(=O)O)c1Cl,100.0
CC(=O)C1=CCC[C@@H]2CC[C@H]1N2,5.0
CCOP(=S)(OCC)SCn1nnc2ccccc2c1=O,65.0
COP(=S)(OC)SCn1nnc2ccccc2c1=O,42.0
O=S(=O)(O)c1ccccc1,7.5
O=C(Cl)c1ccccc1,0.000173611
CCCCC(CC)COC(=O)CCCCC(=O)OCC(CC)CCCC,2.7
[CH2]CCC.[CH2]CCC.[CH2]CCC.[CH2]CCC.[CH2]CCC.[CH2]CCC.[O].[Sn].[Sn],140.0
CC(C)(c1ccc(O)cc1)c1ccc(O)cc1,4.0
CCCCOCN(C(=O)CCl)c1c(CC)cccc1CC,1.12
CCCCOC(=O)c1ccc(O)cc1,9.6
Cn1c(=O)c2c(ncn2C)n(C)c1=O,0.8
N=C(O)N1c2ccccc2C=Cc2ccccc21,63.0
c1ccc2c(c1)[nH]c1ccccc12,0.2566667
CCOC(=O)C(Cl)Cc1cc(-n2nc(C)n(C(F)F)c2=O)c(F)cc1Cl,1.5
C[C@@H]1CC[C@H]2C(C)(C)[C@H]3C[C@@]12CC[C@@]3(C)O,2.9
O=C1C(Cl)=C(Cl)C(=O)C(Cl)=C1Cl,6.0
CC(C)OC(O)=Nc1cccc(Cl)c1,2208.0
CN=C(NCc1cnc(Cl)s1)N[N+](=O)[O-],27.0
CCC1CCC(CCC(=O)[O-])C1.CCC1CCC(CCC(=O)[O-])CC1.[Cu+2],90.0
,29.0
C[C@H]1[C@@H](OS(=O)(=O)O)C[C@@H]2C[C@H]([C@@H](O)c3cc(O)nc(O)n3)NC3=NC[C@H]1N32,2.4
CCN=C(O)N=C(O)/C(C#N)=N/OC,100.0
CC(C)N=c1nc(Cl)[nH]c(=NC2CC2)[nH]1,191.0
CCCCCCCCCCc1ccccc1,11.4
CN1C(=O)CN=C(c2ccccc2)c2cc(Cl)ccc21,365.0
c1ccc2c(c1)sc1ccccc12,72.4
c1ccc(COCc2ccccc2)cc1,0.4
CCCCOP(=O)(OCCCC)Oc1ccccc1,3.5
N#Cc1c(Cl)cccc1Cl,1022.0
FC(Cl)Cl,30.0
CCCCCCCCCCOC(=O)c1ccccc1C(=O)OCCCCCCCCCC,1.4
CCNCC,0.9
O=[N+]([O-])OCCOCCO[N+](=O)[O-],40.0
CCOCCOCCO,0.1625
COCCOCCO,16.0
CCCCOCCOCCO,0.07916667
CC1COC(Cn2cncn2)(c2ccc(Oc3ccc(Cl)cc3)cc2Cl)O1,240.0
O=C(N=C(O)c1c(F)cccc1F)Nc1ccc(Cl)cc1,32.0
C/C(=N\NC(O)=Nc1cc(F)cc(F)c1)c1ncccc1C(=O)O,26.0
CCCCCCCOC(=O)c1ccccc1C(=O)OCCCCCCC,8.0
CC(C)COC(=O)c1ccccc1C(=O)OCC(C)C,0.87
CC(C)CCCCCCCOC(=O)c1ccccc1C(=O)OCCCCCCCC(C)C,23.0
COC[C@H](C)N(C(=O)CCl)c1c(C)csc1C,33.4
CN=C(O)CSP(=S)(OC)OC,219.0
COC(=O)c1ccc(C(=O)OC)cc1,58.0
COC(=O)c1c(Cl)c(Cl)c(C(=O)OC)c(Cl)c1Cl,289.0
CCCCCCCCCCCCCCCCCC[N+](C)(C)CCCCCCCCCCCCCCCCCC.[Cl-],13.8
CCCCCCCCOC(=O)CCCCC(=O)OCCCCCCCC,2.7
CCCCCCCCOC(=O)c1ccccc1C(=O)OCCCCCCCC,20.775
CCCCCCCCCOC(=O)c1ccccc1C(=O)OCCCCCCCCC,8.0
CCCCC(CC)COP(=O)(Oc1ccccc1)Oc1ccccc1,5.3
,164.0
CCOP(=S)(OCC)SCCSCC,41.0
CCCCCCCCCCCCCCCCCCCCCC(=O)O,1.7
CCCCCCCCCCCCc1ccccc1,10.0
O=S1OCC2C(CO1)C1(Cl)C(Cl)=C(Cl)C2(Cl)C1(Cl)Cl,8.0
C=C(C)CN(CC)c1c([N+](=O)[O-])cc(C(F)(F)F)cc1[N+](=O)[O-],2.0
CC,87.0
CCOP(=S)(OCC)SCSP(=S)(OCC)OCC,26.0
CCOC(=O)c1ccc(O)cc1,14.0
CC1(c2ccc(Oc3ccccc3)cc2)OC(=O)N(Nc2ccccc2)C1=O,1.0
COP(=S)(OC)Oc1ccc(SC)c(C)c1,46.9
CC(C)C(C(=O)OC(C#N)c1cccc(Oc2ccccc2)c1)c1ccc(Cl)cc1,41.0
Cc1cc(C(F)(C(F)(F)F)C(F)(F)F)ccc1NC(=O)c1cccc(I)c1C(O)=NC(C)(C)CS(C)(=O)=O,365.0
COc1nn(C([O-])=NS(=O)(=O)c2ccccc2OC(F)(F)F)c(=O)n1C.[Na+],104.0
CC(C)C(C(=O)OC(C#N)c1cccc(Oc2ccccc2)c1)c1ccc(OC(F)F)cc1,16.0
Cn1cc(-c2ccccc2)c(=O)c(-c2cccc(C(F)(F)F)c2)c1,90.0
CC(C)Oc1cccc(N=C(O)c2ccccc2C(F)(F)F)c1,365.0
COc1cc(OC)nc(N=C(O)NS(=O)(=O)c2cc(N=CO)ccc2C(=O)N(C)C)n1,76.0
C=O,17.3
O=C(O)/C=C/C(=O)O,55.0
CN(C)c1ccc(C(=C2C=CC(=[N+](C)C)C=C2)c2ccc(N(C)C)cc2)cc1.[Cl-],14.4
,32.0
ClC(Cl)=C(Cl)C(Cl)=C(Cl)Cl,300.0
Clc1ccc2c(Cl)c(Cl)c(Cl)c(Cl)c2c1Cl,60.0
CCCCCCCCCCCCCCCC,77.0
CC(C)Cc1ccc(C(C)C(=O)O)cc1,20.0
COc1ccc2c(c1)c(CC(=O)O)c(C)n2C(=O)c1ccc(Cl)cc1,17.9
CC(C)CCO,15.0
CC(C)CCCCCCCOP(=O)(Oc1ccccc1)Oc1ccccc1,11.0
CCOP(=S)(NC(C)C)Oc1ccccc1C(=O)OC(C)C,11.9
CCC(C)C,2.4
CC1=CC(=O)CC(C)(C)C1,25.0
CCC[C@@H]1C[C@@H](C(O)=N[C@@H]([C@H]2O[C@H](SC)[C@H](O)[C@@H](O)[C@H]2O)[C@@H](C)O)N(C)C1,14.0
CCCCC/C=C\C/C=C\CCCCCCCC(=O)O,1.25
O=C1C=CC(=O)O1,0.002305555
Cc1cccc(O)c1,49.0
COc1nn(CSP(=S)(OC)OC)c(=O)s1,12.42
COC(C)(C)CCCC(C)C/C=C/C(C)=C/C(=O)OC(C)C,35.0
COC(=O)c1ccccc1,412.0
CCl,11.0
CNN,12.0
Cn1sccc1=O,9.0
COC(=O)c1ccc(O)cc1,1.466667
C=C1C(O)=N[C@H](C)C(O)=N[C@@H](CC(C)C)C(O)=N[C@@H](C(=O)O)[C@H](C)C(O)=N[C@@H](CCCNC(=N)N)C(O)=N[C@@H](/C=C/C(C)=C/[C@H](C)[C@H](Cc2ccccc2)OC)[C@H](C)C(O)=N[C@@H](C(=O)O)CCC(=O)N1C,14.0
CCCCCCCCCCCCCC(=O)O,1.25
,90.0
CCCCCCCCCCCCCCCCCCCC,2.8
CCCCCCCCCCCCCCCC,77.0
O=C(O)CN(CC(=O)O)CC(=O)O,24.0
CN(CCO)CCO,0.48
CCCCCCCCCCCCCCCCCCC,2.8
CCCCCCCCC,30.0
CCCCCCCCCCCCCCCCCC,2.5
,56.0
CNc1cnn(-c2cccc(C(F)(F)F)c2)c(=O)c1Cl,240.0
CCCCCCCCCCCCCCC,2.4
CCCCCCCCCCCCCC,2.3
CCCCCCCCCCC,2.1
Oc1ccc(Cl)cc1Cc1ccccc1,23.0
CCCCCCCCn1sccc1=O,15.0
Cc1c(C(O)=NCCO)[n+](=O)c2ccccc2n1[O-],8.0
CCCCCCCC/C=C\CCCCCCCC(=O)O,0.66
CN=C(O)CSP(=O)(OC)OC,219.0
COc1cc(OC)nc(N=C(O)NS(=O)(=O)Nc2ccccc2C(=O)N(C)C)n1,30.0
CCOc1cc(Oc2ccc(C(F)(F)F)cc2Cl)ccc1[N+](=O)[O-],27.5
CCCCCCCCCCCCCCCC(=O)O,3.75
N=c1nc(O)c2ncn(CCC(CO)CO)c2[nH]1,0.1416
CCC(CC)Nc1c([N+](=O)[O-])cc(C)c(C)c1[N+](=O)[O-],354.0
O=[N+]([O-])c1c(Cl)c(Cl)c(Cl)c(Cl)c1Cl,4.3
CCCCCCCCCCCCCCCc1ccccc1,11.4
O=C1OC(=O)c2ccccc21,0.01736
CCC(C)CCCC(C)CCCC(C)CCCC(C)C,6.2
CC(C)CCCC(C)CCCC(C)CCCC(C)C,4.3
CCCC1COC(Cn2cncn2)(c2ccc(Cl)cc2Cl)O1,85.0
CCC(=O)O,21.0
CC1CN1,112.0
CCCOC(=O)c1ccc(O)cc1,2.7
COc1nc(C)nc(=NC(O)=NS(=O)(=O)c2ccccc2CCC(F)(F)F)[nH]1,216.0
OC(Cc1ccccc1Cl)(Cn1[nH]cnc1=S)C1(Cl)CC1,231.0
FC(F)(F)c1ccc(OCCCOc2c(Cl)cc(OCC=C(Cl)Cl)cc2Cl)nc1,370.0
[O-][n+]1ccccc1[S-].[O-][n+]1ccccc1[S-].[Zn+2],4.0
Fc1ccc(Oc2ccnc3cc(Cl)cc(Cl)c23)cc1,150.0
CC1CCCCC1NC(O)=Nc1ccccc1,150.0
,9.9
CCCCCCCCCCCCCCCCCC(=O)O,10.7
CC[C@H](/C=C/[C@@H](C)[C@H]1CC[C@H]2[C@@H]3CC=C4C[C@@H](O)CC[C@]4(C)[C@H]3CC[C@]12C)C(C)C,17.0
CCCCCCCCC1CC(O)=N[C@@H](CC(=N)O)C(O)=N[C@H](Cc2ccc(O)cc2)C(O)=N[C@H](CC(=N)O)C(=O)N2CCC[C@H]2C(O)=N[C@@H](CCC(=O)O)C(O)=N[C@H](CO)C(O)=N[C@@H]([C@@H](C)O)C(O)=N1,0.2083
Cc1cc(C)nc(NS(=O)(=O)c2ccc(N)cc2)n1,12.0
O=S1(=O)CCCC1,3.0
COC(=O)c1ccccc1S(=O)(=O)NC(O)=Nc1nc(C)cc(C)n1,54.0
CCCSP(=S)(OCC)Oc1ccc(SC)cc1,3.5
CCc1ccc(C(=O)NN(C(=O)c2cc(C)cc(C)c2)C(C)(C)C)cc1,734.0
CCOP(=S)(Oc1cnc(C(C)(C)C)nc1)OC(C)C,194.0
O=[N+]([O-])c1c(Cl)c(Cl)cc(Cl)c1Cl,0.1
COP(=S)(OC)Oc1ccc(Sc2ccc(OP(=S)(OC)OC)cc2)cc1,17.2
CCN=c1nc(NC(C)(C)C)[nH]c(SC)n1,240.0
O=C(O)c1ccc(C(=O)O)cc1,0.0625
C[C@]12CC[C@H]3[C@@H](CCC4=CC(=O)CC[C@@]43C)[C@@H]1CC[C@@H]2O,32.0
CCCCCCCCCCCCCCc1ccccc1,11.4
CCN(CC)C(=O)SCc1ccc(Cl)cc1,82.0
Cc1ccc(N(SC(F)(Cl)Cl)S(=O)(=O)N(C)C)cc1,14.0
,115.0
CC1(C)C(C(=O)OC(C#N)c2cccc(Oc3ccccc3)c2)C1C(Br)C(Br)(Br)Br,3.375
Cl/C=C/Cl,27.0
CC(C)(C)C(=O)C(Oc1ccc(Cl)cc1)n1cncn1,8.0
CCOP(=S)(OCC)Oc1ncn(-c2ccccc2)n1,35.0
[CH2]CCC.[CH2]CCC.[CH2]CCC.[Cl-].[Sn+],140.0
COP(=O)(OC)C(O)C(Cl)(Cl)Cl,2.5
OCCN(CCO)CCO,0.4416
COCCOCCOCCO,0.13
Cc1cccc(OP(=O)(Oc2cccc(C)c2)Oc2cccc(C)c2)c1,13.0
CCCCCCCCCCCCCCCC[N+](C)(C)C.[Cl-],3.1
[CH3].[CH3].[CH3].[Cl-].[Sn+],140.0
[CH2]CCC.[CH2]CCC.[CH2]CCC.[Sn],165.0
Cc1ccccc1OP(=O)(Oc1ccccc1C)Oc1ccccc1C,13.0
CCCCCCCC/C=C\CCCCCCCC(=O)OCC(COC(=O)CCCCCCC/C=C\CCCCCCCC)OC(=O)CCCCCCC/C=C\CCCCCCCC,11.6
Cc1ccc(OP(=O)(Oc2ccc(C)cc2)Oc2ccc(C)cc2)cc1,4.0
O=P(Oc1ccccc1)(Oc1ccccc1)Oc1ccccc1,4.0
CCCCCCCCCCCc1ccccc1,10.2
,0.14
O=C([O-])c1ccc2ccccc2c1.O=C([O-])c1ccc2ccccc2c1.[Zn+2],90.0
,229.166666666667
,70.8333333333333
c1ccc2c(c1)ccc1cc3c(ccc4ccccc43)cc12,70.8333333333333
N=C(O)c1ccccc1,7.08333333333333
,70.8333333333333
CCOP(=S)(OCC)Oc1ccc([N+](=O)[O-])cc1,22.9166666666667
,70.8333333333333
ClC1=C(Cl)C2(Cl)C3C(Cl)C(Cl)CC3C1(Cl)C2(Cl)Cl,708.333333333333
ClC1C(Cl)C(Cl)C(Cl)C(Cl)C1Cl,708.333333333333
CCOCC,22.9166666666667
CC(=N)O,7.08333333333333
ClC1=C(Cl)[C@]2(Cl)[C@@H]3[C@@H]4C[C@@H]([C@H]5O[C@@H]45)[C@@H]3[C@@]1(Cl)C2(Cl)Cl,708.333333333333
Nc1ccccc1,7.08333333333333
CC(=N)S,7.08333333333333
CN(C)N=O,0.708333333333333
CN=C(O)Oc1cccc2ccccc12,7.08333333333333
CCO,2.29166666666667
O=CO,2.29166666666667
CC(=O)O,2.29166666666667
O=C(O)c1ccccc1,2.29166666666667
CO,2.29166666666667
CC(C)O,2.29166666666667
CC(C)=O,7.08333333333333
ClC(Cl)Cl,70.8333333333333
ClC(Cl)(Cl)C(Cl)(Cl)Cl,70.8333333333333
O=C(O)c1ccccc1O,2.29166666666667
CCCO,2.29166666666667
CCCCO,2.29166666666667
CCCCCO,2.29166666666667
c1ccccc1,7.08333333333333
COc1ccc(C(c2ccc(OC)cc2)C(Cl)(Cl)Cl)cc1,7.08333333333333
,2291.66666666667
ClCBr,22.9166666666667
C=CCl,22.9166666666667
CCN,2.29166666666667
CC=O,2.29166666666667
ClCCl,70.8333333333333
ClC(Cl)Br,22.9166666666667
CC(C)(C)O,7.08333333333333
CC(Cl)(Cl)C(=O)O,70.8333333333333
ClC(Cl)C(Cl)(Cl)Cl,70.8333333333333
CC(C)CO,2.29166666666667
CC(Cl)CCl,70.8333333333333
CCC(C)=O,2.29166666666667
ClC=C(Cl)Cl,22.9166666666667
C=CC(=O)O,2.29166666666667
O=C(O)CCl,7.08333333333333
COC(C)=O,2.29166666666667
ClC(Cl)C(Cl)Cl,70.8333333333333
C=C(C)C(=O)OC,2.29166666666667
CCOC(=O)c1ccccc1C(=O)OCC,7.08333333333333
CCCCOC(=O)c1ccccc1C(=O)OCCCC,7.08333333333333
c1ccc2c(c1)ccc1ccccc12,22.9166666666667
CCCCOC(=O)c1ccccc1C(=O)OCc1ccccc1,7.08333333333333
O=NN(c1ccccc1)c1ccccc1,0.708333333333333
c1ccc2c(c1)Cc1ccccc1-2,22.9166666666667
Cc1cccc(C)c1N,7.08333333333333
Oc1c(Cl)cc(Cl)cc1Cl,7.08333333333333
Cc1ccccc1[N+](=O)[O-],2.29166666666667
O=[N+]([O-])c1ccccc1O,2.29166666666667
O=C(O)c1ccccc1C(=O)O,2.29166666666667
COc1ccccc1O,2.29166666666667
Cc1cccc2ccccc12,7.08333333333333
c1ccc2ccccc2c1,7.08333333333333
c1ccc2ncccc2c1,7.08333333333333
Nc1ccc2ccccc2c1,7.08333333333333
,7.08333333333333
,7.08333333333333
O=C(O)COc1ccc(Cl)cc1Cl,2.29166666666667
O=C(O)CCCOc1ccc(Cl)cc1Cl,7.08333333333333
,22.9166666666667
Cc1ccccc1C,22.9166666666667
Cc1ccccc1O,0.708333333333333
Clc1ccccc1Cl,70.8333333333333
Nc1ccccc1Cl,7.08333333333333
Cc1ccccc1N,2.29166666666667
Cc1ccc(C)c(C)c1,22.9166666666667
Cc1cc(C)c(C)cc1C,22.9166666666667
Clc1cc(Cl)c(Cl)cc1Cl,229.166666666667
Oc1cc(Cl)c(Cl)cc1Cl,7.08333333333333
c1ccc(C2CO2)cc1,7.08333333333333
ClCC(Cl)CCl,70.8333333333333
CCC(=O)CC,7.08333333333333
CC(C)c1ccccc1,22.9166666666667
CC(=O)c1ccccc1,7.08333333333333
O=[N+]([O-])c1ccccc1,70.8333333333333
Cc1ccc([N+](=O)[O-])cc1,2.29166666666667
O=[N+]([O-])c1ccc(O)cc1,2.29166666666667
CCc1ccccc1,22.9166666666667
C=Cc1ccccc1,7.08333333333333
OCc1ccccc1,2.29166666666667
COc1ccccc1,22.9166666666667
c1ccc(Oc2ccccc2)cc1,22.9166666666667
CCCc1ccccc1,22.9166666666667
O=C(O)Cc1ccccc1,2.29166666666667
Cc1ccc(O)c(C)c1,2.29166666666667
Cc1ccc(C)cc1,22.9166666666667
Clc1ccc(Cl)cc1,70.8333333333333
Nc1ccc(Cl)cc1,7.08333333333333
C=CC=C,7.08333333333333
C=CC=O,2.29166666666667
ClCCCl,70.8333333333333
CCC#N,22.9166666666667
C=CC#N,7.08333333333333
C=CCO,2.29166666666667
OCCO,2.29166666666667
COCCl,22.9166666666667
COC=O,2.29166666666667
CCCC(C)=O,7.08333333333333
CCCC(=O)O,2.29166666666667
C=COC(C)=O,2.29166666666667
CC(=O)CC(C)C,7.08333333333333
Cc1cccc(C)c1,22.9166666666667
,22.9166666666667
Cc1cc(C)cc(C)c1,22.9166666666667
Clc1cc(Cl)cc(Cl)c1,70.8333333333333
Brc1ccccc1,70.8333333333333
CC1CCCCC1,22.9166666666667
Cc1ccccc1,22.9166666666667
Cc1ccncc1,22.9166666666667
Clc1ccccc1,70.8333333333333
NC1CCCCC1,2.29166666666667
OC1CCCCC1,2.29166666666667
O=C1CCCCC1,7.08333333333333
Oc1ccccc1,2.29166666666667
Cc1cccnc1,22.9166666666667
CCCOC(C)=O,2.29166666666667
CCCCC,22.9166666666667
C=CCCC,7.08333333333333
CCCCN,2.29166666666667
CCOC=O,2.29166666666667
C1CCOC1,7.08333333333333
c1ccoc1,7.08333333333333
c1ccsc1,2.29166666666667
CCCCCC(C)=O,7.08333333333333
CCCCCC,22.9166666666667
C=COCCCl,22.9166666666667
C1CCCCC1,22.9166666666667
C1=CCCCC1,7.08333333333333
c1ccncc1,22.9166666666667
CCCCCCO,2.29166666666667
OCCNCCO,7.08333333333333
CCCOCCC,22.9166666666667
,22.9166666666667
CCCCCCCC,22.9166666666667
C=CCCCCCC,7.08333333333333
CCCCCCCCO,2.29166666666667
,22.9166666666667
CCCCCCCCCCCC,22.9166666666667
CN=C(O)Oc1ccccc1OC(C)C,22.9166666666667
COC,22.9166666666667
CN=C(O)ON=CC(C)(C)SC,22.9166666666667
Clc1c(Cl)c(Cl)c(Cl)c(Cl)c1Cl,2291.66666666667
Cc1ccccc1C(=O)O,2.29166666666667
O=C(O)c1ccccc1Cl,22.9166666666667
O=C(c1ccccc1)c1ccccc1,7.08333333333333
c1ccc2cc3ccccc3cc2c1,22.9166666666667
Oc1ccccc1O,2.29166666666667
Clc1ccc(Cl)c(Cl)c1,70.8333333333333
Oc1ccc(Cl)cc1Cl,2.29166666666667
Cc1ccc([N+](=O)[O-])cc1[N+](=O)[O-],2.29166666666667
CN(C)c1ccccc1,7.08333333333333
CCOC(=O)CC(SP(=S)(OC)OC)C(=O)OCC,2.29166666666667
CCN=c1nc(Cl)[nH]c(=NCC)[nH]1,22.9166666666667
c1ccc(Nc2ccccc2)cc1,7.08333333333333
CCC=O,2.29166666666667
CCCC=O,2.29166666666667
CCCCOC(C)=O,2.29166666666667
C1COCCO1,7.08333333333333
CCCCCCCCCC,22.9166666666667
CNC,2.29166666666667
C=CC(=C)Cl,22.9166666666667
c1cc2ccc3cccc4ccc(c1)c2c34,70.8333333333333
COC(=O)c1ccccc1C(=O)OC,7.08333333333333
c1ccc2c(c1)oc1ccccc12,7.08333333333333
Nc1cccc2ccccc12,7.08333333333333
CN(C)C(=S)SSC(=S)N(C)C,7.08333333333333
NCCO,2.29166666666667
CCOC(C)=O,2.29166666666667
C1=CCCC1,7.08333333333333
CCCCCC(=O)O,2.29166666666667
c1cc2cccc3c4cccc5cccc(c(c1)c23)c54,70.8333333333333
c1ccc2c(c1)-c1cccc3cccc-2c13,70.8333333333333
c1ccc2cc3c(cc2c1)-c1cccc2cccc-3c12,70.8333333333333
c1ccc2c(c1)ccc1c3ccccc3ccc21,70.8333333333333
C1CCCC1,22.9166666666667
,22.9166666666667
COP(=S)(OC)Oc1ccc([N+](=O)[O-])cc1,22.9166666666667
ClC1=C(Cl)[C@]2(Cl)[C@H]3[C@H]([C@@H]4C=C[C@H]3C4)[C@@]1(Cl)C2(Cl)Cl,708.333333333333
ClC1C(Cl)C(Cl)C(Cl)C(Cl)C1Cl,708.333333333333
CN(C)C(O)=Nc1ccc(Cl)c(Cl)c1,22.9166666666667
CON(C)C(O)=Nc1ccc(Cl)c(Cl)c1,22.9166666666667
CCOP(=S)(OCC)Oc1cc(C)nc(C(C)C)n1,70.8333333333333
Fc1ccccc1,7.08333333333333
c1ccc2c(c1)CCC2,7.08333333333333
Cc1cccc(C)c1C,22.9166666666667
Cc1cc([N+](=O)[O-])cc([N+](=O)[O-])c1O,7.08333333333333
Clc1cccc(Cl)c1,70.8333333333333
,22.9166666666667
Cc1cc2ccccc2cc1C,7.08333333333333
Ic1ccccc1,70.8333333333333
CCCCC(C)=O,7.08333333333333
C=CCOC(C)=O,2.29166666666667
C=CCC=C,7.08333333333333
CCCCOC=O,2.29166666666667
Clc1cc(Cl)c(Cl)c(Cl)c1Cl,708.333333333333
CCCN(CCC)N=O,0.708333333333333
C=CCC(=O)O,2.29166666666667
C1=CCC=CC1,7.08333333333333
CCCCCOC(C)=O,2.29166666666667
Clc1ccc(Cl)c(Cl)c1Cl,229.166666666667
Clc1cc(Cl)c(Cl)c(Cl)c1,229.166666666667
C#CCCCC,7.08333333333333
CCCN(CCC)C(=O)SCC,7.08333333333333
CCc1cccc2ccccc12,7.08333333333333
CN=C(O)Oc1cccc2c1OC(C)(C)C2,7.08333333333333
CCCN(CCC)c1c([N+](=O)[O-])cc(C(F)(F)F)cc1[N+](=O)[O-],70.8333333333333
COC(C)(C)C,22.9166666666667
Clc1cc2c(cc1Cl)Oc1cc(Cl)c(Cl)cc1O2,22.9166666666667
CCN=c1nc(Cl)[nH]c(=NC(C)C)[nH]1,708.333333333333
COc1c(Cl)ccc(Cl)c1C(=O)O,22.9166666666667
,2291.66666666667
,229.166666666667
CC(C)N(C(=O)SC/C(Cl)=C/Cl)C(C)C,70.8333333333333
CC(C)N(C(=O)SCC(Cl)=C(Cl)Cl)C(C)C,70.8333333333333
COc1c(O)c(Cl)c(Cl)c(Cl)c1Cl,7.08333333333333
Clc1c(Cl)c(Cl)c2c(c1Cl)Oc1c(Cl)c(Cl)c(Cl)c(Cl)c1O2,229.166666666667
ClC(Cl)=C(c1ccc(Cl)cc1)c1ccccc1Cl,2291.66666666667
Clc1ccc2oc3ccc(Cl)cc3c2c1,22.9166666666667
Clc1ccc(Oc2ccccc2)cc1,22.9166666666667
Cc1cc(Cl)ccc1OC(C)C(=O)O,7.08333333333333
C=C1C(CCl)(CCl)C2(Cl)C(Cl)C(Cl)C1(Cl)C2(Cl)Cl,2291.66666666667
CCCCN=C(O)n1c(N=C(O)OC)nc2ccccc21,7.08333333333333
,708.333333333333
,2291.66666666667
,229.166666666667
,2291.66666666667
,2291.66666666667
Clc1c(Cl)c(Cl)c2c(c1Cl)Oc1ccccc1O2,22.9166666666667
CCCN(CCC)c1c([N+](=O)[O-])cc(C(C)C)cc1[N+](=O)[O-],22.9166666666667
Clc1ccc2c(c1)Oc1ccc(Cl)cc1O2,7.08333333333333
,70.8333333333333
Clc1ccc2c(c1)Oc1cc(Cl)ccc1O2,7.08333333333333
Clc1c(Cl)c(Cl)c2c(oc3c(Cl)c(Cl)c(Cl)c(Cl)c32)c1Cl,229.166666666667
Clc1ccc2c(c1)Oc1ccc(Cl)cc1O2,7.08333333333333
Clc1cc(Cl)c2c(c1Cl)Oc1ccccc1O2,7.08333333333333
Clc1ccc2c(c1)Oc1c(Cl)c(Cl)c(Cl)c(Cl)c1O2,22.9166666666667
Clc1cc2oc3cc(Cl)c(Cl)cc3c2cc1Cl,22.9166666666667
CCc1cccc(C)c1N(C(=O)CCl)C(C)COC,70.8333333333333
,2291.66666666667
,229.166666666667
,1291.66666666667
,2291.66666666667
,135.0
,0.225
,41.7
,7.0
,3650.0
CCCC,15.0
CC(C)C,17.1
CCC(C)C,13.0
C1CCCC1,25.3
CCCCC,27.0
c1ccccc1,8.5
CCCCCC,6.5
CCCC(C)C,10.4
CCC(C)CC,10.1
CCC(C)(C)C,26.5
CC1CCCC1,27.5
C1CCCCC1,32.0
c1ccccc1,3.2
Cc1ccccc1,4.6
CCCCCCC,4.5
CCCCC(C)C,6.6
CCCC(C)CC,7.5
CCCC(C)(C)C,13.0
CCC(C)C(C)C,8.1
CC(C)CC(C)C,9.1
CCC(C)(C)CC,13.0
CC(C)C(C)(C)C,13.0
CCC1CCCC1,6.5
CC1CCCCC1,22.2
CC1(C)CCCC1,8.9
,10.4
,8.0
,8.3
CCCCc1ccccc1,2.3
CCc1ccccc1,3.7
CCCCCCCC,3.6
CCC1CCCCC1,6.9
CCCCCC(C)C,4.8
CCCCC(C)CC,6.5
CCCC(C)CCC,6.5
CCCC(CC)CC,8.1
CCCC(C)C(C)C,7.5
CCC(C)CC(C)C,6.6
CC(C)CCC(C)C,6.5
CCC(C)C(C)(C)C,13.0
CC(C)CC(C)(C)C,8.4
CCC(C)(C)C(C)C,13.0
CC(C)C(C)C(C)C,10.6
CC1(C)CCCCC1,10.4
,8.1
,7.7
,7.9
,8.1
,3.2
,3.2
Cc1ccc(C)cc1,3.2
Cc1cccc(C)c1,3.2
Cc1ccccc1C,2.22
CCCCCCCCC,3.2
CCCCCC(C)CC,4.3
CCCCC(C)CCC,3.0
CCCCC(CC)CC,7.2
CCC(C)CCC(C)C,6.9
CC(C)CCCC(C)C,6.5
CCC(C)CC(C)CC,8.1
CCCC1CCCCC1,6.5
CC1CCCC(C)(C)C1,12.0
c1ccc2c(c1)CCC2,3.9
,8.1
CCCc1ccccc1,3.2
CC(C)c1ccccc1,3.2
CCc1ccccc1C,3.2
CCc1ccc(C)cc1,3.2
Cc1cccc(C)c1C,3.2
Cc1ccc(C)c(C)c1,3.2
Cc1cc(C)cc(C)c1.Cc1cc(C)cc(C)c1,3.21
CCCCC(C)C(C)C,7.38
CC1CC(C)CC(C)C1,30.4
C1CCC2CCCC2C1,18.9
,2.78
CCCCCCCCCC,3.2
c1ccc2ccccc2c1,9.6
c1ccc2ccccc2c1,3.9
CCCCCCCC(C)C,2.1
CCCCCCC(C)CC,3.6
CCCCCC(C)CCC,3.2
CCCCC(C)CCCC,4.8
CCCCCC(CC)CC,6.9
CCCCC(CC)CCC,13.9
CCCCCC(C)C(C)C,5.3
CCCC(C)CCC(C)C,6.9
CC(C)CCCCC(C)C,6.9
CCC(C)CCCC(C)C,6.32
CCCCC1CCCCC1,5.2
,66.0
CC1CCc2ccccc21,3.9
Cc1cccc2c1CCC2,3.9
Cc1ccc2c(c1)CCC2,3.9
c1ccc2c(c1)CCCC2,3.9
c1ccc(-c2ccccc2)cc1,13.7
CCCC(CCC)CCC,5.1
,6.6
CCCCCC(C)(C)CC,6.6
CCC(C)CCC(C)CC,4.6
CCCC(C)CC(C)(C)C,6.5
CCCCC(CC)C(C)C,19.9
CC(C)(C)CCC(C)(C)C,7.4
CCC(C)c1ccccc1,3.2
CC(C)Cc1ccccc1,3.2
Cc1ccccc1C(C)C,3.6
CCCc1ccccc1C,2.0
CCc1ccccc1CC,2.8
Cc1cccc(C(C)C)c1,3.2
CCCc1cccc(C)c1,1.7
Cc1ccc(C(C)C)cc1,2.5
CCCc1ccc(C)cc1,2.2
CCc1ccc(CC)cc1,2.1
CCc1c(C)cccc1C,3.2
CCc1cc(C)ccc1C,3.2
CCc1ccc(C)cc1C,3.2
CCc1ccc(C)c(C)c1,3.2
CCc1cc(C)cc(C)c1,1.8
C[C@@H]1C[C@H](C)CC(C)(C)C1,36.1
,7.38
Cc1ccc(C)c(C)c1C,2.75
,2.38
CCCCCCCCCCC,4.4
,8.8
Cc1cccc2ccccc12,3.9
CCCCCCCCC(C)C,3.56
CCCCCCCC(C)CC,2.1
CCCCCCC(C)CCC,1.1
CCCCCC(C)CCCC,2.7
CCCCCC1CCCCC1,3.7
CC1CCc2ccccc2C1,3.9
Cc1cccc2c1CCCC2,3.9
Cc1ccc2c(c1)CCCC2,3.9
Cc1ccccc1-c1ccccc1,3.3
Cc1cccc(-c2ccccc2)c1,3.1
Cc1ccc(-c2ccccc2)cc1,3.0
Cc1ccc2ccccc2c1,3.9
CCc1cccc(C)c1,3.2
Cc1cc(C)cc(C(C)C)c1,3.2
CCCCC(C)CCC(C)C,3.9
CCCC(C)CCCC(C)C,5.5
CCCCCCC(CC)CC,3.99
CCCCCCCCCCCC,5.1
,10.6
c1ccc2c(c1)sc1ccccc12,15.9
CC1CCC2CC(C)CCC2C1,10.0
CCCCCCCC(C)C(C)C,6.9
C1CCC(C2CCCCC2)CC1,15.0
,8.25
CCCCCCCCCC(C)C,2.1
CCCCCCCC(C)CCC,2.1
CCCCCCC(C)CCCC,2.1
CCCCCC(C)CCCCC,2.1
CCCCCCC1CCCCC1,3.2
CCCCC(C)CCCC(C)C,3.3
,13.0
CCCCCCCCCCCCC,4.7
,13.4
c1ccc2c(c1)Cc1ccccc1-2,11.6
,12.3
,33.5
CC(C)C1CCCC2CCCCC21,20.2
,19.9
,3.06
,1.9
,2.3
CCCCCCCCC(C)CCC,7.2
CCCCCCCC1CCCCC1,3.7
CCCCCCCC(C)C(C)(C)C,6.2
CCCCCCCCCCCCCC,4.7
,13.2
,9.5
c1ccc2c(c1)ccc1ccccc12,16.5
,19.6
,21.6
,45.6
C1CCC2C(C1)CCC1CCCCC12,31.2
,3.0
,13.0
Cc1cccc2c1Cc1ccccc1-2,4.2
c1ccc2cc3ccccc3cc2c1,2.74
c1cc2c(c3c1CCCC3)CCCC2,3.91
CCCCCCCCCCCCCCC,5.1
,14.3
,10.8
,30.1
,33.2
,50.6
CCC(C)CCCC(C)CCCC(C)C,3.5
CC(C)c1cc(C(C)C)cc(C(C)C)c1,54.0
Cc1cccc2c1ccc1ccccc12,4.2
Cc1ccc2c(ccc3ccccc32)c1,4.2
Cc1ccc2ccc3ccccc3c2c1,4.2
Cc1cc2ccccc2c2ccccc12,4.2
CCCCCCCCCC1CCCCC1,2.8
Cc1c2ccccc2cc2ccccc12,6.05
CCCCCCCCCCCCCCCC,4.8
,21.3
,18.4
,32.7
c1ccc2c(c1)-c1cccc3cccc-2c13,19.1
,60.0
,191.0
C1CC2CCC3CCCC4CCC(C1)C2C34,433.0
,3.0
CC(C)c1ccc2ccc(C(C)C)cc2c1,122.0
c1cc2c3c(ccc4c3c1CCC4)CCC2,267.0
CCCCc1ccc2cc(C)c(C)cc2c1,3.77
c1ccc2c(c1)-c1cccc3c1C2CCC3,21.9
c1cc2c3c(c1)CCc1cccc(c1-3)CC2,182.0
c1cc2ccc3cccc4ccc(c1)c2c34,151.0
CCCCCCCCCCC1CCCCC1,3.4
,1.9
CCCCCCCCCCCCCCCCC,7.0
,26.9
,37.9
CC(C)c1ccc2c(c1)CCC1C(C)CCCC21C,38.0
CCCCCc1ccc(-c2ccccc2)cc1,3.0
c1ccc2c(c1)Cc1cc3ccccc3cc1-2,4.21
Cc1ccc2ccc3cccc4ccc1c2c34,64.0
CCCCCCCCCCCCCCCCC,1.9
CCCCCCCCCCCC1CCCCC1,3.1
CCCCCCCCCCCCCCCCCC,6.7
,35.6
,50.7
c1ccc2c(c1)ccc1c3ccccc3ccc21,74.9
,24.0
,23.0
,65.0
,23.0
,20.1
,67.0
,11.0
,7.4
,117.0
,193.0
,6.1
CC(C)(c1ccccc1)C(C)(C)c1ccccc1,182.0
c1ccc(-c2ccccc2-c2ccccc2)cc1,364.0
,19.7
,72.0
c1ccc2cc3c(ccc4ccccc43)cc2c1,60.0
c1ccc2c(c1)c1ccccc1c1ccccc21,60.0
,95.0
CCCCCCCCCCCCC1CCCCC1,3.3
c1ccc(-c2cccc(-c3ccccc3)c2)cc1,51.0
CCCCCCCCCCCCCCCCCCC,5.1
,47.9
,37.5
,16.0
,34.0
Cc1c2ccccc2cc2c1ccc1ccccc12,4.65
CCCCCCCCCCCCCCCCCCCC,5.3
,40.9
,21.0
c1ccc2c(c1)cc1ccc3cccc4ccc2c1c34,16.5
c1ccc2cc3c(cc2c1)-c1cccc2cccc-3c12,11.4
,28.0
,19.4
,40.9
CCCCCCCCCCCCCCCCCCCCCC,21.0
CCCCCCCCCCCCCCCCCCCCCCC,39.6
CCCCCCCCCCCCCCCCCCCCCCCC,54.3
CCCCCCCCCCCCCCCCCCCCCCCCC,52.1
CCCCCCCCCCCCCCCCCCCCCCCCCC,50.0
CCCCCCCCCCCCCCCCCCCCCCCCCCC,53.2
CCCCCCCCCCCCCCCCCCCCCCCCCCCC,57.6
CCCCCCCCCCCCCCCCCCCCCCCCCCCCC,58.2
CCCCCCCCCCCCCCCCCCCCCCCCCCCCCC,60.3
CCCCCCCCCCCCCCCCCCCCCCCCCCCCCCC,88.7
CCCCCCCCCCCCCCCCCCCCCCCCCCCCCCCC,42.0
,59.9
CCCCCCCCCCCCCCCCCCCCCCCCCCCCCCCCCC,67.5
